set search_path = PIZZARIA;

INSERT INTO PEDIDOS
VALUES 
(1, 'Pizza de Calabresa', '12-05-2026 16:23:05', '11111111101'),
(2, 'Pizza Portuguesa', '12-05-2026 16:35:11', '11111111102'),
(3, 'Pizza Quatro Queijos', '12-05-2026 16:48:20', '11111111103'),
(4, 'Pizza de Frango com Catupiry', '12-05-2026 17:02:15', '11111111104'),
(5, 'Pizza Marguerita', '12-05-2026 17:10:44', '11111111101'),
(6, 'Pizza de Bacon', '12-05-2026 17:18:09', '11111111105'),
(7, 'Pizza Napolitana', '12-05-2026 17:25:33', '11111111106'),
(8, 'Pizza de Atum', '12-05-2026 17:40:55', '11111111107'),
(9, 'Pizza Vegetariana', '12-05-2026 17:52:41', '11111111108'),
(10, 'Pizza de Chocolate', '12-05-2026 18:01:10', '11111111109'),
(11, 'Pizza de Mussarela', '12-05-2026 18:08:26', '11111111102'),
(12, 'Pizza Mexicana', '12-05-2026 18:15:44', '11111111103'),
(13, 'Pizza de Camarao', '12-05-2026 18:22:11', '11111111104'),
(14, 'Pizza de Pepperoni', '12-05-2026 18:35:59', '11111111105'),
(15, 'Pizza de Brocolis', '12-05-2026 18:47:03', '11111111106'),
(16, 'Pizza Baiana', '12-05-2026 18:55:30', '11111111107'),
(17, 'Pizza de Lombo Canadense', '12-05-2026 19:02:12', '11111111108'),
(18, 'Pizza de Palmito', '12-05-2026 19:10:47', '11111111109'),
(19, 'Pizza de Calabresa Especial', '12-05-2026 19:18:53', '11111111101'),
(20, 'Pizza de Frango com Bacon', '12-05-2026 19:25:39', '11111111102'),
(21, 'Pizza de Costela', '12-05-2026 19:33:20', '11111111103'),
(22, 'Pizza de Carne Seca', '12-05-2026 19:40:42', '11111111104'),
(23, 'Pizza Tropical', '12-05-2026 19:48:01', '11111111105'),
(24, 'Pizza de Milho', '12-05-2026 19:55:14', '11111111106'),
(25, 'Pizza Suprema', '12-05-2026 20:03:22', '11111111107'),
(26, 'Pizza de Alho e Oleo', '12-05-2026 20:10:31', '11111111108'),
(27, 'Pizza de Escarola', '12-05-2026 20:18:55', '11111111109'),
(28, 'Pizza de Tomate Seco', '12-05-2026 20:27:08', '11111111101'),
(29, 'Pizza de Salame', '12-05-2026 20:35:40', '11111111102'),
(30, 'Pizza de Banana com Canela', '12-05-2026 20:44:17', '11111111103'),
(31, 'Pizza de Oreo', '12-05-2026 20:52:29', '11111111104');

INSERT INTO ENTREGADORES
VALUES
('11111111101', 'Carlos Henrique'),
('11111111102', 'Marcos Paulo'),
('11111111103', 'Joao Pedro'),
('11111111104', 'Felipe Augusto'),
('11111111105', 'Lucas Gabriel'),
('11111111106', 'Rafael Souza'),
('11111111107', 'Bruno Almeida'),
('11111111108', 'Matheus Oliveira'),
('11111111109', 'Gabriel Martins'),
('11111111110', 'Thiago Ferreira'),
('11111111111', 'Anderson Silva'),
('11111111112', 'Vinicius Costa'),
('11111111113', 'Leonardo Rocha'),
('11111111114', 'Ricardo Mendes'),
('11111111115', 'Diego Carvalho');

INSERT INTO BOLETIM_OCORRENCIA
VALUES
(2, '11111111102', 'Acidente leve envolvendo motocicleta de entrega'),
(3, '11111111103', 'Discussao com cliente por atraso na entrega'),
(4, '11111111104', 'Furto de celular registrado apos entrega'),
(5, '11111111105', 'Motocicleta apresentou falha mecanica durante expediente'),
(6, '11111111106', 'Entregador relatou tentativa de assalto'),
(7, '11111111107', 'Colisao leve com carro estacionado'),
(8, '11111111108', 'Perda de documentos pessoais durante entrega'),
(9, '11111111109', 'Cliente realizou denuncia falsa de nao recebimento'),
(10, '11111111110', 'Entrega cancelada por endereco inexistente'),

(11, '11111111111', 'Discussao em estabelecimento comercial'),
(12, '11111111112', 'Roubo de mochila de entrega'),
(13, '11111111113', 'Acidente sem vitimas envolvendo motocicleta'),
(14, '11111111114', 'Perturbacao do sossego em area residencial'),
(15, '11111111115', 'Motocicleta apreendida por documentacao irregular'),
(16, '11111111101', 'Entregador roubado por homem e placa incluía "GNV4" na Rua das Flores'),
(17, '40000000001', 'Furto de bicicleta registrado em avenida central'),
(18, '40000000002', 'Tentativa de invasao em residencia'),
(19, '40000000003', 'Discussao de transito sem agressao fisica'),
(20, '40000000004', 'Perda de carteira com documentos pessoais'),
(21, '40000000005', 'Vizinho denunciou som alto durante madrugada'),
(22, '40000000006', 'Roubo de aparelho celular em ponto de onibus'),
(23, '40000000007', 'Acidente entre carro e motocicleta sem feridos'),
(24, '40000000008', 'Desaparecimento temporario de animal domestico'),
(25, '40000000009', 'Denuncia de atividade suspeita em estacionamento'),
(26, '40000000010', 'Furto de capacete em estabelecimento comercial'),
(27, '40000000011', 'Tentativa de golpe utilizando documentos falsos'),
(28, '40000000012', 'Pessoa relatou ameaca verbal em via publica'),
(29, '40000000013', 'Registro de perda de chave residencial'),
(30, '40000000014', 'Motocicleta abandonada encontrada em terreno vazio');

INSERT INTO SISTEMA_RADAR
VALUES
(1, 'Rua Central', '12-05-2026 19:01:11', 'ABC1D23', 'Homem camisa branca em moto preta'),
(2, 'Avenida Brasil', '12-05-2026 19:02:44', 'DEF2G45', 'Mulher cabelo loiro dirigindo carro prata'),
(3, 'Rua das Flores', '12-05-2026 19:03:55', 'GNV4A21', 'Homem mochila vermelha em moto vermelha'),
(4, 'Rua XV', '12-05-2026 19:56:31', 'GNV4B15', 'Casal em carro branco'),
(5, 'Avenida Paulista', '12-05-2026 19:05:27', 'MNO4J89', 'Homem jaqueta preta em moto azul'),
(6, 'Rua do Comercio', '12-05-2026 19:06:12', 'PQR5K10', 'Entregador em van branca'),
(7, 'Rua Augusta', '12-05-2026 19:07:03', 'STU6L21', 'Homem capacete preto em moto preta'),
(8, 'Rua Bela Vista', '12-05-2026 19:08:44', 'VWX7M32', 'Motorista usando oculos escuros'),
(9, 'Rua das Palmeiras', '12-05-2026 19:09:22', 'YZA8N43', 'Mulher camiseta azul em moto branca'),
(10, 'Rua Sete', '12-05-2026 19:10:51', 'BCD9P54', 'Homem barba longa em carro vermelho'),

(11, 'Rua Central', '12-05-2026 19:11:37', 'EFG1Q65', 'Moto azul com bau traseiro'),
(12, 'Avenida Brasil', '12-05-2026 19:12:29', 'HIJ2R76', 'Homem camisa verde em caminhonete preta'),
(13, 'Rua das Flores', '12-05-2026 19:13:18', 'KLM3S87', 'Motociclista usando luvas pretas'),
(14, 'Rua XV', '12-05-2026 19:14:04', 'NOP4T98', 'Carro azul com adesivo lateral'),
(15, 'Avenida Paulista', '12-05-2026 19:15:33', 'QRS5U09', 'Homem mochila preta em moto vermelha'),
(16, 'Rua do Comercio', '12-05-2026 19:16:26', 'TUV6V10', 'Motorista fumando dentro do carro'),
(17, 'Rua Augusta', '12-05-2026 19:17:15', 'WXY7W21', 'Moto preta sem retrovisor esquerdo'),
(18, 'Rua Bela Vista', '12-05-2026 19:18:42', 'ZAB8X32', 'Van azul com logo apagada'),
(19, 'Rua das Palmeiras', '12-05-2026 19:19:11', 'CDE9Y43', 'Homem camisa cinza em moto cinza'),
(20, 'Rua Sete', '12-05-2026 19:20:50', 'FGH1Z54', 'Carro prata com vidro fumê'),

(21, 'Rua Central', '12-05-2026 19:21:38', 'IJK2A65', 'Motociclista usando mochila verde'),
(22, 'Avenida Brasil', '12-05-2026 19:22:14', 'LMN3B76', 'Carro branco com teto preto'),
(23, 'Rua das Flores', '12-05-2026 19:23:09', 'OPQ4C87', 'Homem camisa preta em moto preta'),
(24, 'Rua XV', '12-05-2026 19:24:55', 'RST5D98', 'Caminhao branco transportando caixas'),
(25, 'Avenida Paulista', '12-05-2026 19:25:44', 'UVW6E09', 'Moto vermelha com adesivos laterais'),
(26, 'Rua do Comercio', '12-05-2026 19:26:13', 'XYZ7F10', 'Motorista usando boné azul'),
(27, 'Rua Augusta', '12-05-2026 19:27:59', 'AAA8G21', 'Motociclista usando jaqueta jeans'),
(28, 'Rua Bela Vista', '12-05-2026 19:28:47', 'BBB9H32', 'Carro preto com farol quebrado'),
(29, 'Rua das Palmeiras', '12-05-2026 19:29:23', 'CCC1I43', 'Mulher mochila rosa em moto branca'),
(30, 'Rua Sete', '12-05-2026 19:30:52', 'DDD2J54', 'Carro cinza com pelicula escura'),

(31, 'Rua Central', '12-05-2026 19:31:14', 'EEE3K65', 'Homem camisa azul em moto preta'),
(32, 'Avenida Brasil', '12-05-2026 19:32:41', 'FFF4L76', 'Van branca com escada no teto'),
(33, 'Rua das Flores', '12-05-2026 19:33:36', 'GGG5M87', 'Moto azul com passageiro'),
(34, 'Rua XV', '12-05-2026 19:34:05', 'HHH6N98', 'Homem barba curta em carro vermelho'),
(35, 'Avenida Paulista', '12-05-2026 19:35:28', 'III7O09', 'Motociclista usando capacete prata'),
(36, 'Rua do Comercio', '12-05-2026 19:36:44', 'JJJ8P10', 'Carro preto com rack no teto'),
(37, 'Rua Augusta', '12-05-2026 19:37:31', 'KKK9Q21', 'Moto vermelha com mochila de entrega'),
(38, 'Rua Bela Vista', '12-05-2026 19:38:12', 'LLL1R32', 'Casal dentro de carro branco'),
(39, 'Rua das Palmeiras', '12-05-2026 19:39:56', 'MMM2S43', 'Homem camisa amarela em moto azul'),
(40, 'Rua Sete', '12-05-2026 19:40:18', 'NNN3T54', 'Van preta transportando mercadorias'),

(41, 'Rua Central', '12-05-2026 19:41:22', 'OOO4U65', 'Moto cinza com adesivo lateral'),
(42, 'Avenida Brasil', '12-05-2026 19:42:09', 'PPP5V76', 'Carro prata com motorista sozinho'),
(43, 'Rua das Flores', '12-05-2026 19:43:57', 'QQQ6W87', 'Mulher usando jaqueta branca'),
(44, 'Rua XV', '12-05-2026 19:44:41', 'RRR7X98', 'Carro preto com vidro quebrado'),
(45, 'Avenida Paulista', '12-05-2026 19:45:20', 'SSS8Y09', 'Homem mochila azul em moto azul'),
(46, 'Rua do Comercio', '12-05-2026 19:46:35', 'TTT9Z10', 'Van prata com logo comercial'),
(47, 'Rua Augusta', '12-05-2026 19:47:16', 'UUU1A21', 'Motociclista usando tenis branco'),
(48, 'Rua Bela Vista', '12-05-2026 19:48:53', 'VVV2B32', 'Carro branco com adesivo traseiro'),
(49, 'Rua das Palmeiras', '12-05-2026 19:49:29', 'WWW3C43', 'Moto vermelha com bau preto'),
(50, 'Rua Sete', '12-05-2026 19:50:40', 'XXX4D54', 'Homem camisa social em carro azul'),

(51, 'Rua Central', '12-05-2026 19:51:12', 'YYY5E65', 'Moto prata com passageira'),
(52, 'Avenida Brasil', '12-05-2026 19:52:48', 'ZZZ6F76', 'Carro preto com rodas esportivas'),
(53, 'Rua das Flores', '12-05-2026 19:53:30', 'AAA7G87', 'Mulher cabelo curto em moto branca'),
(54, 'Rua XV', '12-05-2026 19:54:09', 'BBB8H98', 'Carro prata com retrovisor quebrado'),
(55, 'Avenida Paulista', '12-05-2026 19:55:21', 'CCC9I09', 'Homem usando mochila cinza'),
(56, 'Rua do Comercio', '12-05-2026 19:56:13', 'DDD1J10', 'Van branca estacionando rapidamente'),
(57, 'Rua Augusta', '12-05-2026 19:57:42', 'EEE2K21', 'Motociclista usando camisa preta'),
(58, 'Rua Bela Vista', '12-05-2026 19:58:54', 'FFF3L32', 'Carro vermelho com farol apagado'),
(59, 'Rua das Palmeiras', '12-05-2026 19:59:18', 'GGG4M43', 'Moto azul com caixa traseira'),
(60, 'Rua Sete', '12-05-2026 20:00:27', 'HHH5N54', 'Carro cinza com motorista de boné'),

(61, 'Rua Central', '12-05-2026 20:01:13', 'III6O65', 'Moto prata trafegando em alta velocidade'),
(62, 'Avenida Brasil', '12-05-2026 20:02:08', 'JJJ7P76', 'Carro branco com dois ocupantes'),
(63, 'Rua das Flores', '12-05-2026 20:03:44', 'GNV4B77', 'Homem usando capacete azul bebe de lacinho'),
(64, 'Rua XV', '12-05-2026 20:04:19', 'KKK8Q98', 'Moto preta com adesivo vermelho'),
(65, 'Avenida Paulista', '12-05-2026 20:05:51', 'LLL9R09', 'Carro azul com vidro aberto');

INSERT INTO LOJA_CAPACETE
VALUES
(1, 'Capacete Preto Fosco', '12345678901', 299.90),
(2, 'Capacete Vermelho Racing', '23456789012', 459.50),
(3, 'Capacete Azul Neon', '34567890123', 389.99),
(4, 'Capacete Branco Premium', '45678901234', 520.00),
(5, 'Capacete Verde Militar', '56789012345', 410.75),
(6, 'Capacete Grafite Esportivo', '67890123456', 615.90),
(7, 'Capacete Rosa Feminino', '78901234567', 280.40),
(8, 'Capacete Carbon Black', '89012345678', 899.99),
(9, 'Capacete Infantil Vermelho', '90123456789', 199.90),
(10, 'Capacete Azul Royal', '11223344556', 340.00),

(11, 'Capacete Branco com Viseira Fume', '22334455667', 499.99),
(12, 'Capacete Off Road Laranja', '33445566778', 579.90),
(13, 'Capacete Caveira Radical', '44556677889', 650.50),
(14, 'Capacete Dourado Limited Edition', '55667788990', 1299.99),
(15, 'Capacete Vermelho e Preto', '66778899001', 450.00),
(16, 'Capacete Azul Bebe de Lacinho', '77889900112', 2499.90),
(17, 'Capacete Camuflado', '88990011223', 399.90),
(18, 'Capacete Branco Vintage', '99001122334', 530.70),
(19, 'Capacete Esportivo Cinza', '10111213141', 610.99),
(20, 'Capacete Rosa Choque', '20212223242', 355.35),

(21, 'Capacete Preto Brilhante', '30313233343', 320.00),
(22, 'Capacete Monster Racing', '40414243444', 799.90),
(23, 'Capacete Azul Metálico', '50515253545', 470.80),
(24, 'Capacete Branco Articulado', '60616263646', 690.99),
(25, 'Capacete Retrô Vermelho', '70717273747', 410.20),
(26, 'Capacete Urban Street', '80818283848', 380.00),
(27, 'Capacete Feminino Floral', '90919293949', 295.60),
(28, 'Capacete Preto Carbono', '11121314151', 920.45),
(29, 'Capacete MotoCross Pro', '21222324252', 740.90),
(30, 'Capacete Azul Escuro Premium', '31323334353', 560.00);

INSERT INTO COMPRADORES
VALUES
('12345678901', 'Carlos Henrique'),
('23456789012', 'Mariana Souza'),
('34567890123', 'Joao Pedro'),
('45678901234', 'Fernanda Lima'),
('56789012345', 'Ricardo Alves'),
('67890123456', 'Patricia Gomes'),
('78901234567', 'Lucas Ferreira'),
('89012345678', 'Amanda Costa'),
('90123456789', 'Bruno Martins'),
('11223344556', 'Juliana Rocha'),

('22334455667', 'Felipe Santos'),
('33445566778', 'Camila Ribeiro'),
('44556677889', 'Thiago Almeida'),
('55667788990', 'Vanessa Carvalho'),
('66778899001', 'Gabriel Oliveira'),
('77889900112', 'Renato Barros'),
('88990011223', 'Larissa Mendes'),
('99001122334', 'Eduardo Nunes'),
('10111213141', 'Bianca Teixeira'),
('20212223242', 'Matheus Silva'),

('30313233343', 'Aline Pereira'),
('40414243444', 'Vinicius Rocha'),
('50515253545', 'Leonardo Costa'),
('60616263646', 'Carolina Freitas'),
('70717273747', 'Rafael Moreira'),
('80818283848', 'Beatriz Fernandes'),
('90919293949', 'Anderson Lima'),
('11121314151', 'Paulo Henrique'),
('21222324252', 'Natalia Gomes'),
('31323334353', 'Diego Martins');

INSERT INTO SISTEMA_CRIMINAL
VALUES
('12345678901', 'Carlos Henrique', '03-04-1988', 'Rua das Flores, 120', 'Discussao em via publica'),
('23456789012', 'Mariana Souza', '11-09-1992', 'Av Brasil, 450', 'Fraude bancaria'),
('34567890123', 'Joao Pedro', '22-01-1995', 'Rua XV, 98', 'Direcao perigosa'),
('45678901234', 'Fernanda Lima', '17-07-1990', 'Rua Central, 33', 'Furto simples'),
('56789012345', 'Ricardo Alves', '08-12-1985', 'Rua Bela Vista, 401', 'Receptacao'),
('67890123456', 'Patricia Gomes', '19-03-1991', 'Av Paulista, 220', 'Estelionato'),
('78901234567', 'Lucas Ferreira', '14-05-1998', 'Rua Sete, 76', 'Porte irregular'),
('89012345678', 'Amanda Costa', '27-08-1987', 'Rua Augusta, 880', 'Falsidade ideologica'),
('90123456789', 'Bruno Martins', '30-10-1993', 'Rua do Comercio, 17', 'Perturbacao publica'),
('11223344556', 'Juliana Rocha', '02-02-1999', 'Rua das Palmeiras, 52', 'Furto em comercio'),

('22334455667', 'Felipe Santos', '15-04-1986', 'Rua Horizonte, 102', 'Desacato'),
('33445566778', 'Camila Ribeiro', '09-06-1994', 'Rua Aurora, 87', 'Golpe financeiro'),
('44556677889', 'Thiago Almeida', '21-11-1989', 'Rua das Acacias, 901', 'Invasao de propriedade'),
('55667788990', 'Vanessa Carvalho', '18-01-1990', 'Av Atlantica, 455', 'Fraude documental'),
('66778899001', 'Gabriel Oliveira', '04-03-1997', 'Rua do Porto, 74', 'Ameaca verbal'),

('77889900112', 'Renato Barros', '12-05-1987', 'Rua Sao Jorge, 445', 'Roubo de moto e furtos recorrentes'),

('77889900113', 'Renato de Barros', '03-02-1982', 'Rua Alfa, 12', 'Furto qualificado'),
('77889900114', 'Renato Barroso', '14-07-1991', 'Rua Beta, 90', 'Estelionato'),
('77889900115', 'Renan Barros', '29-09-1988', 'Rua Gama, 33', 'Direcao perigosa'),
('77889900116', 'Ronaldo Barros', '01-01-1979', 'Rua Delta, 120', 'Receptacao'),
('77889900117', 'Renato Barras', '17-11-1993', 'Rua Omega, 57', 'Fraude comercial'),
('77889900118', 'Renato Bairros', '08-08-1985', 'Rua Tulipa, 600', 'Pichacao'),
('77889900119', 'Renatto Barros', '22-12-1990', 'Rua Imperial, 18', 'Furto de veiculo'),
('77889900120', 'Renato de Barros Silva', '10-10-1981', 'Rua Violeta, 71', 'Contrabando'),
('77889900121', 'Renato Barbosa', '25-03-1996', 'Rua Esperanca, 81', 'Desordem publica'),
('77889900122', 'Renato Barreto', '13-09-1984', 'Rua Sao Pedro, 12', 'Uso de documento falso');